id,title,description,image_link,link,product_type,brand,price,availability,item_group_id,checkout_url,additional_image_link,sale_price_effective_date,sale_price,condition,visibility,default_product,variant
wc_post_id_486,"Vitamin Sea Tee","Vitamin Sea Tee - làn nước biển tươi mát giữa mùa hè oi bức! 
 
Lấy cảm hứng từ làn nước xanh ngắt của biển mùa hè, Vitamin Sea Tee đem đến cho bạn sự trẻ trung cùng cảm giác tươi mới như chính những cơn gió biển vậy. Màu xanh của áo Vitamin Sea được chúng tôi cân đo đong đếm, pha trộn một cách hài hòa để đem đến một màu xanh tươi mới không quá nổi trội cũng không quá trầm tính. Thích hợp với những bạn trẻ muốn thể hiện cá tính của mình một cách vừa phải và cả tình yêu dành cho biển xanh!! 
 
Greatify mong muốn mang lại trải nghiệm tốt nhất về quần áo cho khách hàng. Chúng tôi chọn ra những chiếc áo tốt nhất từ xưởng, kiểm duyệt gắt gao về chất liệu vải, xử lý từng chiếc áo lỗi để mang đến tay người dùng là những sản phẩm hoàn thiện nhất. Áo Vitamin Sea là một phần của những sản phẩm nằm trong trải nghiệm tốt nhất đó, là niềm tự hào của chúng tôi khi nhắc đến sản phẩm này. 
 
Hướng dẫn chọn size cho áo Vitamin Sea: (bảng size chỉ mang tính chất tham khảo, để có được những lựa chọn tốt nhất, hãy liên hệ với chúng tôi) 
 
Hướng dẫn bảo quản áo Vitamin Sea: sản phẩm nên được phơi trrong bóng râm, những nơi khô ráo thoáng mát. Nên giặc với các sản phẩm cùng màu, không nên dùng các chất tẩy rửa mạnh. Bảo quản ở nơi khô ráo, tránh ẩm ướt. Hoặc đơn giản bạn có thể đưa chiếc áo này cho mẹ bạn, bà ấy sẽ biết cách làm với nó. 
 
Xem nhiều sản phẩm hơn tại Trang chủ Greatify hoặc ghé thăm chúng tôi tại facebook của Greatify",https://greatify.live/wp-content/uploads/2016/11/blue_sea_tee_front.png,https://greatify.live/san-pham/vitamin-sea-tee/,"Nam, Nữ","Greatify",250000VND,in stock,wc_post_id_486,https://greatify.live/gio-hang/?add-to-cart=486,"https://greatify.live/wp-content/uploads/2016/11/blue_sea_tee_back.png",1970-01-29T00:00+00:00/2038-01-17T23:59+00:00,215000VND,new,published,,
wc_post_id_485,"Sơ mi nữ trắng","At vero eos et accusamus et iusto odio dignissimos ducimus qui blanditiis praesentium voluptatum deleniti atque corrupti quos dolores et quas molestias excepturi sint occaecati cupiditate non provident, similique sunt in culpa qui officia deserunt mollitia animi, id est laborum et dolorum fuga. Et harum quidem rerum facilis est et expedita distinctio. Nam libero tempore, cum soluta nobis est eligendi optio cumque nihil impedit quo minus id quod maxime placeat facere possimus, omnis voluptas assumenda est, omnis dolor repellendus.",https://greatify.live/wp-content/uploads/2022/03/model-wearing-white-t-shirt-3.jpg,https://greatify.live/san-pham/so-mi-nu-trang/,"Nữ","Greatify",250000VND,in stock,wc_post_id_485,https://greatify.live/gio-hang/?add-to-cart=485,"https://greatify.live/wp-content/uploads/2022/03/model-wearing-white-t-shirt-2.jpg",1970-01-29T00:00+00:00/2038-01-17T23:59+00:00,170000VND,new,published,,
wc_post_id_587,"Váy đen","Sizes: M",https://greatify.live/wp-content/uploads/2022/03/model-wearing-summer-dress-3.jpg,https://greatify.live/san-pham/vay-den/?attribute_pa_sizes=m,"Nữ","Greatify",79VND,out of stock,wc_post_id_500,https://greatify.live/gio-hang/?add-to-cart=500&variation_id=587&attribute_pa_sizes=m,"https://greatify.live/wp-content/uploads/2022/03/woman-black-skirt.jpg,https://greatify.live/wp-content/uploads/2022/03/woman-sitting-on-chair-wearing-black-skirt-2.jpg,https://greatify.live/wp-content/uploads/2022/03/woman-sitting-on-chair-wearing-black-skirt.jpg,https://greatify.live/wp-content/uploads/2022/03/woman-black-skirt-2.jpg",1970-01-29T00:00+00:00/1970-01-30T23:59+00:00,79VND,new,published,,"sizes:M/L:M"
wc_post_id_588,"Váy đen","Sizes: L",https://greatify.live/wp-content/uploads/2022/03/woman-wearing-retro-frizzy-wig-1.jpg,https://greatify.live/san-pham/vay-den/?attribute_pa_sizes=l,"Nữ","Greatify",89VND,in stock,wc_post_id_500,https://greatify.live/gio-hang/?add-to-cart=500&variation_id=588&attribute_pa_sizes=l,"https://greatify.live/wp-content/uploads/2022/03/woman-black-skirt.jpg,https://greatify.live/wp-content/uploads/2022/03/woman-sitting-on-chair-wearing-black-skirt-2.jpg,https://greatify.live/wp-content/uploads/2022/03/woman-sitting-on-chair-wearing-black-skirt.jpg,https://greatify.live/wp-content/uploads/2022/03/woman-black-skirt-2.jpg",1970-01-29T00:00+00:00/1970-01-30T23:59+00:00,89VND,new,published,,"sizes:M/L:L"
wc_post_id_487,"Trench Coat (Right Image)","Vero eos et accusamus et iusto odio dignissimos ducimus qui blanditiis praesentium voluptatum deleniti atque corrupti quos dolores et quas molestias excepturi sint occaecati cupiditate non provident, similique sunt in culpa qui officia deserunt mollitia animi, id est laborum et dolorum fuga. Vero eos et accusamus et iusto odio dignissimos ducimus qui blanditiis praesentium voluptatum deleniti atque corrupti quos dolores et quas molestias excepturi sint occaecati cupiditate non provident, similique sunt in culpa qui officia deserunt mollitia animi, id est laborum et dolorum.",https://greatify.live/wp-content/uploads/2022/03/man-wear-black-trench-coat.jpg,https://greatify.live/san-pham/trench-coat-right-image/,"Nam","Greatify",189VND,in stock,wc_post_id_487,https://greatify.live/gio-hang/?add-to-cart=487,,1970-01-29T00:00+00:00/2038-01-17T23:59+00:00,160VND,new,published,,
wc_post_id_488,"Áo dây quyến rũ","Nemo enim ipsam voluptatem quia voluptas sit aspernatur aut odit aut fugit, sed quia consequuntur magni dolores eos qui ratione voluptatem sequi nesciunt. Neque porro quisquam est, qui dolorem ipsum quia dolor sit amet, consectetur, adipisci velit, sed quia non numquam eius modi tempora incidunt ut labore et dolore magnam aliquam quaerat voluptatem. Ut enim ad minima veniam.",https://greatify.live/wp-content/uploads/2022/03/girl-using-sexy-shirt-3.jpg,https://greatify.live/san-pham/ao-day-quyen-ru/,"Nữ","Greatify",15000VND,in stock,wc_post_id_488,https://greatify.live/gio-hang/?add-to-cart=488,,1970-01-29T00:00+00:00/1970-01-30T23:59+00:00,15000VND,new,published,,
wc_post_id_489,"Áo chấm bi đen","Neque porro quisquam est, qui dolorem ipsum quia dolor sit amet, consectetur, adipisci velit, sed quia non numquam eius modi tempora incidunt ut labore et dolore magnam aliquam quaerat voluptatem. Ut enim ad minima veniam, quis nostrum exercitationem ullam corporis suscipit laboriosam, nisi ut aliquid ex ea commodi consequatur? Quis autem vel eum iure reprehenderit qui in ea voluptate velit esse quam nihil molestiae consequatur, vel illum qui dolorem eum fugiat quo voluptas nulla pariatur.",https://greatify.live/wp-content/uploads/2022/03/woman-wearing-retro-frizzy-wig-2.jpg,https://greatify.live/san-pham/ao-cham-bi-den/,"Nữ","Greatify",130VND,in stock,wc_post_id_489,https://greatify.live/gio-hang/?add-to-cart=489,,1970-01-29T00:00+00:00/1970-01-30T23:59+00:00,130VND,new,published,,
wc_post_id_490,"Sexy Loose Fit (Image Left)","Voluptatem sequi nesciunt. Neque porro quisquam est, qui dolorem ipsum quia dolor sit amet, consectetur, adipisci velit, sed quia non numquam eius modi tempora incidunt ut labore et dolore magnam aliquam quaerat voluptatem. Ut enim ad minima veniam, quis nostrum exercitationem ullam corporis suscipit laboriosam, nisi ut aliquid ex ea commodi consequatur? Quis autem vel eum iure reprehenderit qui in ea voluptate velit esse quam nihil molestiae consequatur, vel illum qui dolorem eum fugiat quo voluptas nulla pariatur.",https://greatify.live/wp-content/uploads/2022/03/teen-wear-loose-fit.jpg,https://greatify.live/san-pham/sexy-loose-fit/,"Nữ","Greatify",18VND,in stock,wc_post_id_490,https://greatify.live/gio-hang/?add-to-cart=490,"https://greatify.live/wp-content/uploads/2022/03/teen-wear-loose-fit-3.jpg,https://greatify.live/wp-content/uploads/2022/03/teen-wear-loose-fit-2.jpg",1970-01-29T00:00+00:00/1970-01-30T23:59+00:00,18VND,new,published,,
wc_post_id_491,"Poncho xám","Molestias excepturi sint occaecati cupiditate non provident, similique sunt in culpa qui officia deserunt mollitia animi, id est laborum et dolorum fuga. Et harum quidem rerum facilis est et expedita distinctio. Nam libero tempore, cum soluta nobis est eligendi optio cumque nihil impedit quo minus id quod maxime placeat facere possimus, omnis voluptas assumenda est, omnis dolor repellendus. Temporibus autem quibusdam et aut officiis debitis aut rerum necessitatibus saepe eveniet ut et voluptates repudiandae sint et molestiae non recusandae.Et harum quidem rerum facilis est et expedita distinctio. Nam libero tempore, cum soluta nobis est eligendi optio cumque nihil impedit quo minus id quod maxime placeat facere possimus, omnis voluptas assumenda est, omnis dolor repellendus.",https://greatify.live/wp-content/uploads/2022/03/woman-wear-gray-poncho.jpg,https://greatify.live/san-pham/poncho-xam/,"Nữ","Greatify",75000VND,in stock,wc_post_id_491,https://greatify.live/gio-hang/?add-to-cart=491,"https://greatify.live/wp-content/uploads/2022/03/woman-wear-gray-poncho-4.jpg,https://greatify.live/wp-content/uploads/2022/03/woman-wear-gray-poncho-3.jpg,https://greatify.live/wp-content/uploads/2022/03/woman-wear-gray-poncho-2.jpg",1970-01-29T00:00+00:00/1970-01-30T23:59+00:00,75000VND,new,published,,
wc_post_id_492,"Áo hai dây xám","Sed ut perspiciatis unde omnis iste natus error sit voluptatem accusantium doloremque laudantium, totam rem aperiam, eaque ipsa quae ab illo inventore veritatis et quasi architecto beatae vitae dicta sunt explicabo. Nemo enim ipsam voluptatem quia voluptas sit aspernatur aut odit aut fugit, sed quia consequuntur magni dolores eos qui ratione voluptatem sequi nesciunt. Neque porro quisquam est, qui dolorem ipsum quia dolor sit amet, consectetur, adipisci velit, sed quia non numquam eius modi tempora incidunt ut labore et dolore magnam aliquam quaerat voluptatem. Ut enim ad minima veniam, quis nostrum exercitationem ullam corporis suscipit laboriosam, nisi ut aliquid.",https://greatify.live/wp-content/uploads/2022/03/girl-wearing-gray-tanktop.jpg,https://greatify.live/san-pham/ao-hai-day-xam/,"Nữ","Greatify",25000VND,in stock,wc_post_id_492,https://greatify.live/gio-hang/?add-to-cart=492,,1970-01-29T00:00+00:00/2038-01-17T23:59+00:00,19000VND,new,published,,
wc_post_id_493,"Áo xọc đen kì lạ","At vero eos et accusamus et iusto odio dignissimos ducimus qui blanditiis praesentium voluptatum deleniti atque corrupti quos dolores et quas molestias excepturi sint occaecati cupiditate non provident, similique sunt in culpa qui officia deserunt mollitia animi, id est laborum et dolorum fuga. Et harum quidem rerum facilis est et expedita distinctio. Nam libero tempore, cum soluta nobis est eligendi optio cumque nihil impedit quo minus id quod maxime placeat facere possimus, omnis voluptas assumenda est, omnis dolor repellendus.",https://greatify.live/wp-content/uploads/2022/03/woman-wear-stripe-shirt.jpg,https://greatify.live/san-pham/ao-xoc-den-ki-la/,"Nữ","Greatify",79000VND,in stock,wc_post_id_493,https://greatify.live/gio-hang/?add-to-cart=493,"https://greatify.live/wp-content/uploads/2022/03/woman-wear-stripe-shirt-3.jpg,https://greatify.live/wp-content/uploads/2022/03/woman-wear-stripe-shirt-2.jpg",1970-01-29T00:00+00:00/1970-01-30T23:59+00:00,79000VND,new,published,,
wc_post_id_494,"Áo hai dây trắng"," Sed ut perspiciatis unde omnis iste natus error sit voluptatem accusantium doloremque laudantium, totam rem aperiam, eaque ipsa quae ab illo inventore veritatis et quasi architecto beatae vitae dicta sunt explicabo. Nemo enim ipsam voluptatem quia voluptas sit aspernatur aut odit aut fugit, sed quia consequuntur magni dolores eos qui ratione voluptatem sequi nesciunt. Neque porro quisquam est, qui dolorem ipsum quia dolor sit amet, consectetur, adipisci velit, sed quia non numquam eius modi tempora incidunt ut labore et dolore magnam aliquam quaerat voluptatem. Ut enim ad minima veniam, quis nostrum exercitationem ullam corporis suscipit laboriosam, nisi ut aliquid.",https://greatify.live/wp-content/uploads/2022/03/women-wear-white-tanktop.jpg,https://greatify.live/san-pham/ao-hai-day-trang/,"Nữ","Greatify",15000VND,in stock,wc_post_id_494,https://greatify.live/gio-hang/?add-to-cart=494,,1970-01-29T00:00+00:00/1970-01-30T23:59+00:00,15000VND,new,published,,
wc_post_id_495,"Áo sơ mi chấm bi","Nemo enim ipsam voluptatem quia voluptas sit aspernatur aut odit aut fugit, sed quia consequuntur magni dolores eos qui ratione voluptatem sequi nesciunt. Neque porro quisquam est, qui dolorem ipsum quia dolor sit amet, consectetur, adipisci velit, sed quia non numquam eius modi tempora incidunt ut labore et dolore magnam aliquam quaerat voluptatem. Ut enim ad minima veniam, quis nostrum exercitationem ullam corporis suscipit laboriosam, nisi ut aliquid ex ea commodi consequatur.",https://greatify.live/wp-content/uploads/2022/03/men-with-sunglass-and-polka-dots-shirt.jpg,https://greatify.live/san-pham/ao-so-mi-cham-bi/,"Nam","Greatify",15000VND,in stock,wc_post_id_495,https://greatify.live/gio-hang/?add-to-cart=495,"https://greatify.live/wp-content/uploads/2022/03/men-with-sunglass-and-polka-dots-shirt-3.jpg,https://greatify.live/wp-content/uploads/2022/03/men-with-sunglass-and-polka-dots-shirt-2.jpg",1970-01-29T00:00+00:00/1970-01-30T23:59+00:00,15000VND,new,published,,
wc_post_id_496,"Áo vest đen phụ nữ","Teleniti atque corrupti ero eos et accusamus et iusto odio dignissimos ducimus qui blanditiis praesentium voluptatum deleniti atque corrupti quos dolores et quas molestias excepturi sint occaecati cupiditate non provident, similique sunt in culpa qui officia deserunt mollitia animi, id est laborum et dolorum fuga. Vero eos et accusamus et iusto odio dignissimos ducimus qui blanditiis praesentium voluptatum  quos dolores et quas molestias excepturi sint occaecati cupiditate non provident, similique sunt in culpa qui officia deserunt mollitia animi, id est laborum et dolorum fuga.",https://greatify.live/wp-content/uploads/2022/03/model-wearing-black-suit.jpg,https://greatify.live/san-pham/ao-vest-den-phu-nu/,"Nữ","Greatify",189000VND,in stock,wc_post_id_496,https://greatify.live/gio-hang/?add-to-cart=496,"https://greatify.live/wp-content/uploads/2022/03/model-wearing-black-suit-2-1.jpg",1970-01-29T00:00+00:00/1970-01-30T23:59+00:00,189000VND,new,published,,
wc_post_id_497,"Áo công sở nam","Vero eos et accusamus et iusto odio dignissimos ducimus qui blanditiis praesentium voluptatum deleniti atque corrupti quos dolores et quas molestias excepturi sint occaecati cupiditate non provident, similique sunt in culpa qui officia deserunt mollitia animi, id est laborum et dolorum fuga. Et harum quidem rerum facilis est et expedita distinctio. Nam libero tempore, cum soluta nobis est eligendi optio cumque nihil impedit quo minus id quod maxime placeat facere possimus.",https://greatify.live/wp-content/uploads/2022/03/men-wearing-office-suit.jpg,https://greatify.live/san-pham/ao-cong-so-nam/,"Nam","Greatify",245000VND,in stock,wc_post_id_497,https://greatify.live/gio-hang/?add-to-cart=497,,1970-01-29T00:00+00:00/2038-01-17T23:59+00:00,215000VND,new,published,,
wc_post_id_498,"Áo thun ôm sọc đen","Temporibus autem quibusdam et aut officiis debitis aut rerum necessitatibus saepe eveniet ut et voluptates repudiandae sint et molestiae non recusandae. Itaque earum rerum hic tenetur a sapiente delectus, ut aut reiciendis voluptatibus maiores alias consequatur aut perferendis doloribus asperiores repellat. Et harum quidem rerum facilis est et expedita distinctio. Nam libero tempore, cum soluta nobis est eligendi optio cumque nihil impedit quo minus id quod maxime placeat facere possimus, omnis voluptas assumenda est, omnis dolor repellendus.",https://greatify.live/wp-content/uploads/2022/03/model-wearing-stripe-shirt.jpg,https://greatify.live/san-pham/ao-thun-om-soc-den/,"Nữ","Greatify",23000VND,in stock,wc_post_id_498,https://greatify.live/gio-hang/?add-to-cart=498,"https://greatify.live/wp-content/uploads/2022/03/model-wearing-stripe-shirt-3.jpg,https://greatify.live/wp-content/uploads/2022/03/model-wearing-stripe-shirt-2.jpg",1970-01-29T00:00+00:00/1970-01-30T23:59+00:00,23000VND,new,published,,
wc_post_id_499,"Áo sơ mi xanh","Lorem ipsum dolor sit amet, consectetur adipiscing elit, sed do eiusmod tempor incididunt ut labore et dolore magna aliqua. Ut enim ad minim veniam, quis nostrud exercitation ullamco laboris nisi ut aliquip ex ea commodo consequat. Duis aute irure dolor in reprehenderit in voluptate velit esse cillum dolore eu fugiat nulla pariatur. Excepteur sint occaecat cupidatat non proident, sunt in culpa qui officia deserunt mollit anim id est laborum.",https://greatify.live/wp-content/uploads/2022/03/men-wear-blue-shirt.jpg,https://greatify.live/san-pham/ao-so-mi-xanh/,"Nam","Greatify",170000VND,in stock,wc_post_id_499,https://greatify.live/gio-hang/?add-to-cart=499,"https://greatify.live/wp-content/uploads/2022/03/men-wear-blue-shirt-3.jpg,https://greatify.live/wp-content/uploads/2022/03/men-wear-blue-shirt-2.jpg",1970-01-29T00:00+00:00/1970-01-30T23:59+00:00,170000VND,new,published,,
wc_post_id_501,"Summer Beach (Slide Cart)","Neque porro quisquam est, qui dolorem ipsum quia dolor sit amet, consectetur, adipisci velit, sed quia non numquam eius modi tempora incidunt ut labore et dolore magnam aliquam quaerat voluptatem. Ut enim ad minima veniam, quis nostrum exercitationem ullam corporis suscipit laboriosam, nisi ut aliquid ex ea commodi consequatur? Quis autem vel eum iure reprehenderit qui in ea voluptate velit esse quam nihil molestiae consequatur, vel illum qui dolorem eum fugiat quo voluptas nulla pariatur.",https://greatify.live/wp-content/uploads/2022/03/girl-wearing-hat-big-800x1085-1.jpg,https://greatify.live/san-pham/summer-beach-slide-cart/,"Nữ","Greatify",20VND,in stock,wc_post_id_501,https://greatify.live/gio-hang/?add-to-cart=501,"https://greatify.live/wp-content/uploads/2022/03/beautiful-model-wearimg-summer-shirt-3.jpg,https://greatify.live/wp-content/uploads/2022/03/beautiful-model-wearimg-summer-shirt-2.jpg",1970-01-29T00:00+00:00/1970-01-30T23:59+00:00,20VND,new,published,,
wc_post_id_502,"Flaire Dress","Nemo enim ipsam voluptatem quia voluptas sit aspernatur aut odit aut fugit, sed quia consequuntur magni dolores eos qui ratione voluptatem sequi nesciunt. Neque porro quisquam est, qui dolorem ipsum quia dolor sit amet, consectetur, adipisci velit, sed quia non numquam eius modi tempora incidunt ut labore et dolore magnam aliquam quaerat voluptatem. Ut enim ad minima veniam.",https://greatify.live/wp-content/uploads/2022/03/woman-wearing-blue-flaire-dress.jpg,https://greatify.live/san-pham/flaire-dress/,"Nữ","Greatify",87VND,in stock,wc_post_id_502,https://greatify.live/gio-hang/?add-to-cart=502,"https://greatify.live/wp-content/uploads/2022/03/woman-wearing-blue-flaire-dress-2.jpg",1970-01-29T00:00+00:00/1970-01-30T23:59+00:00,87VND,new,published,,
wc_post_id_503,"Aerobic Outfit","Sed ut perspiciatis unde omnis iste natus error sit voluptatem accusantium doloremque laudantium, totam rem aperiam, eaque ipsa quae ab illo inventore veritatis et quasi architecto beatae vitae dicta sunt explicabo. Nemo enim ipsam voluptatem quia voluptas sit aspernatur aut odit aut fugit, sed quia consequuntur magni dolores eos qui ratione voluptatem sequi nesciunt. Neque porro quisquam est, qui dolorem ipsum quia dolor sit amet, consectetur, adipisci velit, sed quia non numquam eius modi tempora incidunt ut labore et dolore magnam aliquam quaerat voluptatem. At vero eos et accusamus et iusto odio dignissimos ducimus qui blanditiis praesentium voluptatum deleniti atque corrupti quos dolores et quas molestias excepturi sint occaecati cupiditate non provident, similique sunt in culpa qui officia deserunt mollitia animi, id est laborum et dolorum fuga. Et harum quidem rerum facilis est et expedita distinctio. Nam libero tempore, cum soluta nobis est eligendi optio cumque nihil impedit quo minus id quod maxime placeat facere possimus, omnis voluptas assumenda est, omnis dolor repellendus.",https://greatify.live/wp-content/uploads/2022/03/woman-with-white-aerobic-suit-3.jpg,https://greatify.live/san-pham/aerobic-outfit/,"Nữ","Greatify",25VND,in stock,wc_post_id_503,https://greatify.live/gio-hang/?add-to-cart=503,"https://greatify.live/wp-content/uploads/2022/03/woman-with-white-aerobic-suit-2.jpg,https://greatify.live/wp-content/uploads/2022/03/woman-with-white-aerobic-suit.jpg",1970-01-29T00:00+00:00/1970-01-30T23:59+00:00,25VND,new,published,,
wc_post_id_504,"Elegant Black Bag","Sed ut perspiciatis unde omnis iste natus error sit voluptatem accusantium doloremque laudantium, totam rem aperiam, eaque ipsa quae ab illo inventore veritatis et quasi architecto beatae vitae dicta sunt explicabo. Nemo enim ipsam voluptatem quia voluptas sit aspernatur aut odit aut fugit, sed quia consequuntur magni dolores eos qui ratione voluptatem sequi nesciunt. Neque porro quisquam est, qui dolorem ipsum quia dolor sit amet, consectetur, adipisci velit, sed quia non numquam eius modi tempora incidunt ut labore et dolore magnam aliquam quaerat voluptatem. Ut enim ad minima veniam, quis nostrum exercitationem ullam corporis suscipit laboriosam, nisi ut aliquid.",https://greatify.live/wp-content/uploads/2022/03/woman-holding-black-bag.jpg,https://greatify.live/san-pham/elegant-black-bag/,"Nữ, Phụ kiện","Greatify",300VND,in stock,wc_post_id_504,https://greatify.live/gio-hang/?add-to-cart=504,"https://greatify.live/wp-content/uploads/2022/03/woman-holding-black-bag-2.jpg",1970-01-29T00:00+00:00/1970-01-30T23:59+00:00,300VND,new,published,,
wc_post_id_505,"Men's Fedora Hat","Temporibus autem quibusdam et aut officiis debitis aut rerum necessitatibus saepe eveniet ut et voluptates repudiandae sint et molestiae non recusandae. Itaque earum rerum hic tenetur a sapiente delectus, ut aut reiciendis voluptatibus maiores alias consequatur aut perferendis doloribus asperiores repellat. Et harum quidem rerum facilis est et expedita distinctio. Nam libero tempore, cum soluta nobis est eligendi optio cumque nihil impedit quo minus id quod maxime placeat facere possimus, omnis voluptas assumenda est, omnis dolor repellendus.",https://greatify.live/wp-content/uploads/2022/03/men-wearing-fedora-hat.jpg,https://greatify.live/san-pham/152/,"Nam, Phụ kiện","Greatify",50VND,in stock,wc_post_id_505,https://greatify.live/gio-hang/?add-to-cart=505,"https://greatify.live/wp-content/uploads/2022/03/men-wearing-fedora-hat-2.jpg",1970-01-29T00:00+00:00/1970-01-30T23:59+00:00,50VND,new,published,,
wc_post_id_506,"Stylish Summer"," Nemo enim ipsam voluptatem quia voluptas sit aspernatur aut odit aut fugit, sed quia consequuntur magni dolores eos qui ratione voluptatem sequi nesciunt. Neque porro quisquam est, qui dolorem ipsum quia dolor sit amet, consectetur, adipisci velit, sed quia non numquam eius modi tempora incidunt ut labore et dolore magnam aliquam quaerat voluptatem. Ut enim ad minima veniam, quis nostrum exercitationem ullam corporis suscipit laboriosam, nisi ut aliquid ex ea commodi consequatur.",https://greatify.live/wp-content/uploads/2022/03/model-wear-casual-summer-t-shirt.jpg,https://greatify.live/san-pham/stylish-summer/,"Nữ","Greatify",20VND,in stock,wc_post_id_506,https://greatify.live/gio-hang/?add-to-cart=506,"https://greatify.live/wp-content/uploads/2022/03/model-wear-casual-summer-t-shirt-3.jpg,https://greatify.live/wp-content/uploads/2022/03/model-wear-casual-summer-t-shirt-2.jpg",1970-01-29T00:00+00:00/1970-01-30T23:59+00:00,20VND,new,published,,
wc_post_id_507,"Retro Frizzy Wig","Nemo enim ipsam voluptatem quia voluptas sit aspernatur aut odit aut fugit, sed quia consequuntur magni dolores eos qui ratione voluptatem sequi nesciunt. Neque porro quisquam est, qui dolorem ipsum quia dolor sit amet, consectetur, adipisci velit, sed quia non numquam eius modi tempora incidunt ut labore et dolore magnam aliquam quaerat voluptatem. Ut enim ad minima veniam.",https://greatify.live/wp-content/uploads/2022/03/woman-wearing-retro-frizzy-wig.jpg,https://greatify.live/san-pham/retro-frizzy-wig/,"Nữ, Phụ kiện","Greatify",15VND,in stock,wc_post_id_507,https://greatify.live/gio-hang/?add-to-cart=507,"https://greatify.live/wp-content/uploads/2022/03/woman-wearing-retro-frizzy-wig-3.jpg,https://greatify.live/wp-content/uploads/2022/03/woman-wearing-retro-frizzy-wig-2.jpg",1970-01-29T00:00+00:00/1970-01-30T23:59+00:00,15VND,new,published,,
wc_post_id_508,"Stylish Beige Blazer","Sed ut perspiciatis unde omnis iste natus error sit voluptatem accusantium doloremque laudantium, totam rem aperiam, eaque ipsa quae ab illo inventore veritatis et quasi architecto beatae vitae dicta sunt explicabo. Nemo enim ipsam voluptatem quia voluptas sit aspernatur aut odit aut fugit, sed quia consequuntur magni dolores eos qui ratione voluptatem sequi nesciunt. Neque porro quisquam est, qui dolorem ipsum quia dolor sit amet, consectetur.",https://greatify.live/wp-content/uploads/2022/03/men-with-blazer.jpg,https://greatify.live/san-pham/stylish-beige-blazer/,"Nam","Greatify",150VND,in stock,wc_post_id_508,https://greatify.live/gio-hang/?add-to-cart=508,"https://greatify.live/wp-content/uploads/2022/03/men-with-blazer-2.jpg",1970-01-29T00:00+00:00/1970-01-30T23:59+00:00,150VND,new,published,,
wc_post_id_509,"Girl Outfit","Nemo enim ipsam voluptatem quia voluptas sit aspernatur aut odit aut fugit, sed quia consequuntur magni dolores eos qui ratione voluptatem sequi nesciunt. Neque porro quisquam est, qui dolorem ipsum quia dolor sit amet, consectetur, adipisci velit, sed quia non numquam eius modi tempora incidunt ut labore et dolore magnam aliquam quaerat voluptatem. Ut enim ad minima veniam, quis nostrum exercitationem ullam corporis suscipit laboriosam, nisi ut aliquid ex ea commodi consequatur.",https://greatify.live/wp-content/uploads/2022/03/girl-wearing-blue-outfit.jpg,https://greatify.live/san-pham/girl-outfit/,"Trẻ em","Greatify",25VND,in stock,wc_post_id_509,https://greatify.live/gio-hang/?add-to-cart=509,"https://greatify.live/wp-content/uploads/2022/03/girl-wearing-blue-outfit-3.jpg,https://greatify.live/wp-content/uploads/2022/03/girl-wearing-blue-outfit-2.jpg",1970-01-29T00:00+00:00/1970-01-30T23:59+00:00,25VND,new,published,,
wc_post_id_510,"Brown Bag","Nemo enim ipsam voluptatem quia voluptas sit aspernatur aut odit aut fugit, sed quia consequuntur magni dolores eos qui ratione voluptatem sequi nesciunt. Neque porro quisquam est, qui dolorem ipsum quia dolor sit amet, consectetur, adipisci velit, sed quia non numquam eius modi tempora incidunt ut labore et dolore magnam aliquam quaerat voluptatem. Ut enim ad minima veniam, quis nostrum exercitationem ullam corporis suscipit laboriosam, nisi ut aliquid ex ea commodi consequatur.",https://greatify.live/wp-content/uploads/2022/03/stylish-woman-golding-brown-bag.jpg,https://greatify.live/san-pham/brown-bag/,"Nữ, Phụ kiện","Greatify",75VND,in stock,wc_post_id_510,https://greatify.live/gio-hang/?add-to-cart=510,"https://greatify.live/wp-content/uploads/2022/03/stylish-woman-golding-brown-bag-2-1.jpg",1970-01-29T00:00+00:00/1970-01-30T23:59+00:00,75VND,new,published,,
wc_post_id_511,"Boy Outfit","Sed ut perspiciatis unde omnis iste natus error sit voluptatem accusantium doloremque laudantium, totam rem aperiam, eaque ipsa quae ab illo inventore veritatis et quasi architecto beatae vitae dicta sunt explicabo. Nemo enim ipsam voluptatem quia voluptas sit aspernatur aut odit aut fugit, sed quia consequuntur magni dolores eos qui ratione voluptatem sequi nesciunt. Neque porro quisquam est, qui dolorem ipsum quia dolor sit amet, consectetur, adipisci velit, sed quia non numquam eius modi tempora incidunt ut labore et dolore magnam aliquam quaerat voluptatem. At vero eos et accusamus et iusto odio dignissimos ducimus qui blanditiis praesentium voluptatum deleniti atque corrupti quos dolores et quas molestias excepturi sint occaecati cupiditate non provident, similique sunt in culpa qui officia deserunt mollitia animi, id est laborum et dolorum fuga. Et harum quidem rerum facilis est et expedita distinctio. Nam libero tempore, cum soluta nobis est eligendi optio cumque nihil impedit quo minus id quod maxime placeat facere possimus, omnis voluptas assumenda est, omnis dolor repellendus.",https://greatify.live/wp-content/uploads/2022/03/stylish-kids-outfit.jpg,https://greatify.live/san-pham/boy-outfit/,"Trẻ em","Greatify",35VND,in stock,wc_post_id_511,https://greatify.live/gio-hang/?add-to-cart=511,"https://greatify.live/wp-content/uploads/2022/03/stylish-kids-outfit-2.jpg,https://greatify.live/wp-content/uploads/2022/03/stylish-kids-outfit-1.jpg",1970-01-29T00:00+00:00/1970-01-30T23:59+00:00,35VND,new,published,,
wc_post_id_512,"Black Hoodie","Temporibus autem quibusdam et aut officiis debitis aut rerum necessitatibus saepe eveniet ut et voluptates repudiandae sint et molestiae non recusandae. Itaque earum rerum hic tenetur a sapiente delectus, ut aut reiciendis voluptatibus maiores alias consequatur aut perferendis doloribus asperiores repellat. Et harum quidem rerum facilis est et expedita distinctio. Nam libero tempore, cum soluta nobis est eligendi optio cumque nihil impedit quo minus id quod maxime placeat facere possimus, omnis voluptas assumenda est, omnis dolor repellendus.",https://greatify.live/wp-content/uploads/2022/03/man-wear-black-hoodie.jpg,https://greatify.live/san-pham/black-hoodie/,"Nam","Greatify",23VND,in stock,wc_post_id_512,https://greatify.live/gio-hang/?add-to-cart=512,"https://greatify.live/wp-content/uploads/2022/03/man-wear-black-hoodie-2.jpg,https://greatify.live/wp-content/uploads/2022/03/man-wear-black-hoodie-1.jpg",1970-01-29T00:00+00:00/1970-01-30T23:59+00:00,23VND,new,published,,
wc_post_id_513,"Kids Blazer","Molestias excepturi sint occaecati cupiditate non provident, similique sunt in culpa qui officia deserunt mollitia animi, id est laborum et dolorum fuga. Et harum quidem rerum facilis est et expedita distinctio. Nam libero tempore, cum soluta nobis est eligendi optio cumque nihil impedit quo minus id quod maxime placeat facere possimus, omnis voluptas assumenda est, omnis dolor repellendus. Temporibus autem quibusdam et aut officiis debitis aut rerum necessitatibus saepe eveniet ut et voluptates repudiandae sint et molestiae non recusandae.Et harum quidem rerum facilis est et expedita distinctio. Nam libero tempore, cum soluta nobis est eligendi optio cumque nihil impedit quo minus id quod maxime placeat facere possimus, omnis voluptas assumenda est, omnis dolor repellendus.",https://greatify.live/wp-content/uploads/2022/03/kids-wearing-blazer.jpg,https://greatify.live/san-pham/kids-blazer/,"Trẻ em","Greatify",60VND,in stock,wc_post_id_513,https://greatify.live/gio-hang/?add-to-cart=513,"https://greatify.live/wp-content/uploads/2022/03/kids-wearing-blazer-3.jpg,https://greatify.live/wp-content/uploads/2022/03/kids-wearing-blazer-2.jpg",1970-01-29T00:00+00:00/1970-01-30T23:59+00:00,60VND,new,published,,
wc_post_id_514,"Woman Casual Dress","Sed ut perspiciatis unde omnis iste natus error sit voluptatem accusantium doloremque laudantium, totam rem aperiam, eaque ipsa quae ab illo inventore veritatis et quasi architecto beatae vitae dicta sunt explicabo. Nemo enim ipsam voluptatem quia voluptas sit aspernatur aut odit aut fugit, sed quia consequuntur magni dolores eos qui ratione voluptatem sequi nesciunt. Neque porro quisquam est, qui dolorem ipsum quia dolor sit amet, consectetur, adipisci velit, sed quia non numquam eius modi tempora incidunt ut labore et dolore magnam aliquam quaerat voluptatem. Ut enim ad minima veniam, quis nostrum exercitationem ullam corporis suscipit laboriosam, nisi ut aliquid ex ea commodi consequatur? Quis autem vel eum iure reprehenderit.",https://greatify.live/wp-content/uploads/2022/03/woman-wearing-casual-dress-1.jpg,https://greatify.live/san-pham/woman-casual-dress/,"Nữ","Greatify",18VND,in stock,wc_post_id_514,https://greatify.live/gio-hang/?add-to-cart=514,"https://greatify.live/wp-content/uploads/2022/03/woman-wearing-casual-dress-3-1.jpg,https://greatify.live/wp-content/uploads/2022/03/woman-wearing-casual-dress-2-1.jpg",1970-01-29T00:00+00:00/1970-01-30T23:59+00:00,18VND,new,published,,
wc_post_id_515,"Casual Blue T-Shirt","Deleniti atque corrupti quos dolores et quas molestias excepturi sint occaecati cupiditate non provident, similique sunt in culpa qui officia deserunt mollitia animi, id est laborum. Excepturi sint occaecati cupiditate non provident, similique sunt in culpa qui officia deserunt mollitia animi, id est laborum et dolorum fuga. Vero eos et accusamus et iusto odio dignissimos ducimus qui blanditiis praesentium voluptatum deleniti atque corrupti quos dolores et quas molestias excepturi sint occaecati cupiditate non provident, similique sunt in culpa qui officia deserunt mollitia animi, id est laborum et dolorum.",https://greatify.live/wp-content/uploads/2022/03/women-wear-blue-shirt.jpg,https://greatify.live/san-pham/casual-blue-t-shirt/,"Nữ","Greatify",11VND,in stock,wc_post_id_515,https://greatify.live/gio-hang/?add-to-cart=515,"https://greatify.live/wp-content/uploads/2022/03/women-wear-blue-shirt-2.jpg",1970-01-29T00:00+00:00/1970-01-30T23:59+00:00,11VND,new,published,,
wc_post_id_516,"Girl Stripe Sweater","Neque porro quisquam est, qui dolorem ipsum quia dolor sit amet, consectetur, adipisci velit, sed quia non numquam eius modi tempora incidunt ut labore et dolore magnam aliquam quaerat voluptatem. Ut enim ad minima veniam, quis nostrum exercitationem ullam corporis suscipit laboriosam, nisi ut aliquid ex ea commodi consequatur? Quis autem vel eum iure reprehenderit qui in ea voluptate velit esse quam nihil molestiae consequatur, vel illum qui dolorem eum fugiat quo voluptas nulla pariatur.",https://greatify.live/wp-content/uploads/2022/03/smgirl-wearing-stripe-sweater.jpg,https://greatify.live/san-pham/girl-stripe-sweater/,"Trẻ em","Greatify",10VND,in stock,wc_post_id_516,https://greatify.live/gio-hang/?add-to-cart=516,,1970-01-29T00:00+00:00/1970-01-30T23:59+00:00,10VND,new,published,,
wc_post_id_517,"Nón Thu Chùy","Mũ Greatify thêu chữ thời trang, phong cách Nón Thu Chùy cao cấp. 
 
*THÔNG TIN SẢN PHẨM Nón Thu Chùy: 
 
- Chất liệu vải : Mũ được dệt từ vải kaki cao cấp. 
 
- Size : 54 – 58 cm. 
 
- Màu sắc : Đen, Trắng, Xanh Coban, Xám be. 
 
- Khóa phía sau: Được làm bằng inox chống gỉ. 
 
- Phù hợp cho Nam và Nữ. 
 
*ĐẶC ĐIỂM NỔI BẬT của Nón Thu Chùy: 
 
- Vải được nhuộm màu theo công nghệ cao giúp cho hạn chế bị phai màu khi giặt giũ hay thường xuyên đi ra ngoài trời. 
 
- Thiết kế thời trang, phong cách năng động, cá tính. 
 
- Hạn chế gây ra mồ hôi ở đầu, không gây kích ứng da đầu. 
 
- Dễ dàng điều chỉnh Size bằng khóa sau mũ lưỡi trai. 
 
- Mũ lưỡi trai rất hợp cạ với những trang phục thiên về sự năng động, thoải mái và trẻ trung. 
 
*Cách bảo quản Nón Thu Chùy: 
 
- Bảo quản mũ nơi khô ráo, thoáng mát. 
 
*Cách giặt Mũ của Greatify đúng cách: 
 
- Chúng ta phải luôn giặt mũ lưỡi trai bằng tay hoặc bản chải đánh răng, tuyệt đối không dùng bàn chải. Vì dùng bàn chải dễ khiến làm sờn vải và xước da, nếu có những vết bẩn cứng đầu chúng ta chỉ được dùng bàn chải đánh răng mềm chà lên. 
 
- Không bao giờ đặt chiếc Mũ lưỡi trai của bạn trong máy giặt, máy sấy quần áo vì điều này sẽ làm biến dạng hình dáng ban đầu của chiếc mũ. 
 
Greatify CAM KẾT: 
 
- Sản phẩm nón Thu Chùy thời trang 100% giống mô tả. 
 
- Đảm bảo vải chất lượng 100% Mũ được kiểm tra kĩ càng, cẩn thận và tư vấn nhiệt tình trước khi gói hàng giao cho Quý Khách. 
 
- Hàng có sẵn, giao hàng ngay khi nhận được đơn. 
 
- Hoàn tiền nếu sản phẩm không giống với mô tả. 
 
- Chấp nhận đổi hàng khi size không vừa. 
 
- Giao hàng trên toàn quốc, nhận hàng trả tiền.",https://greatify.live/wp-content/uploads/2016/09/Huy1.jpg,https://greatify.live/san-pham/non-thu-chuy/,"Phụ kiện","Greatify",200000VND,in stock,wc_post_id_517,https://greatify.live/gio-hang/?add-to-cart=517,"https://greatify.live/wp-content/uploads/2016/09/Huy2.jpg",1970-01-29T00:00+00:00/1970-01-30T23:59+00:00,200000VND,new,published,,
wc_post_id_518,"iPad Mini 32GB","Vero eos et accusamus et iusto odio dignissimos ducimus qui blanditiis praesentium voluptatum deleniti atque corrupti quos dolores et quas molestias excepturi sint occaecati cupiditate non provident, similique sunt in culpa qui officia deserunt mollitia animi, id est laborum et dolorum fuga. Vero eos et accusamus et iusto odio dignissimos ducimus qui blanditiis praesentium voluptatum deleniti atque corrupti quos dolores et quas molestias excepturi sint occaecati cupiditate non provident, similique sunt in culpa qui officia deserunt mollitia animi, id est laborum et dolorum.",https://greatify.live/wp-content/uploads/2022/03/ipad-mini.jpg,https://greatify.live/san-pham/ipad-mini-32gb/,"Công nghệ","Greatify",269VND,in stock,wc_post_id_518,https://greatify.live/gio-hang/?add-to-cart=518,"https://greatify.live/wp-content/uploads/2022/03/ipad-mini-3.jpg,https://greatify.live/wp-content/uploads/2022/03/ipad-mini-2.jpg",1970-01-29T00:00+00:00/1970-01-30T23:59+00:00,269VND,new,published,,
wc_post_id_519,"iPhone 6s 32GB","Sed ut perspiciatis unde omnis iste natus error sit voluptatem accusantium doloremque laudantium, totam rem aperiam, eaque ipsa quae ab illo inventore veritatis et quasi architecto beatae vitae dicta sunt explicabo. Nemo enim ipsam voluptatem quia voluptas sit aspernatur aut odit aut fugit, sed quia consequuntur magni dolores eos qui ratione voluptatem sequi nesciunt. Neque porro quisquam est, qui dolorem ipsum quia dolor sit amet, consectetur, adipisci velit, sed quia non numquam eius modi tempora incidunt ut labore et dolore magnam aliquam quaerat voluptatem. Ut enim ad minima veniam, quis nostrum exercitationem ullam corporis suscipit laboriosam, nisi ut aliquid ex ea commodi consequatur? Quis autem vel eum iure reprehenderit.",https://greatify.live/wp-content/uploads/2022/03/iPhone-6.jpg,https://greatify.live/san-pham/iphone-6s-32gb/,"Công nghệ","Greatify",549VND,in stock,wc_post_id_519,https://greatify.live/gio-hang/?add-to-cart=519,"https://greatify.live/wp-content/uploads/2022/03/iPhone-6-3.jpg,https://greatify.live/wp-content/uploads/2022/03/iphone-6-2.jpg",1970-01-29T00:00+00:00/1970-01-30T23:59+00:00,549VND,new,published,,
wc_post_id_520,"Lenovo Yoga","Molestias excepturi sint occaecati cupiditate non provident, similique sunt in culpa qui officia deserunt mollitia animi, id est laborum et dolorum fuga. Et harum quidem rerum facilis est et expedita distinctio. Nam libero tempore, cum soluta nobis est eligendi optio cumque nihil impedit quo minus id quod maxime placeat facere possimus, omnis voluptas assumenda est, omnis dolor repellendus. Temporibus autem quibusdam et aut officiis debitis aut rerum necessitatibus saepe eveniet ut et voluptates repudiandae sint et molestiae non recusandae.Et harum quidem rerum facilis est et expedita distinctio. Nam libero tempore, cum soluta nobis est eligendi optio cumque nihil impedit quo minus id quod maxime placeat facere possimus, omnis voluptas assumenda est, omnis dolor repellendus.",https://greatify.live/wp-content/uploads/2022/03/lenovo-yoga.jpg,https://greatify.live/san-pham/lenovo-yoga/,"Công nghệ","Greatify",1199VND,in stock,wc_post_id_520,https://greatify.live/gio-hang/?add-to-cart=520,"https://greatify.live/wp-content/uploads/2022/03/lenovo-yoga-3.jpg,https://greatify.live/wp-content/uploads/2022/03/lenovo-yoga-2.jpg",1970-01-29T00:00+00:00/1970-01-30T23:59+00:00,1199VND,new,published,,
wc_post_id_521,"Samsung S7","Lorem ipsum dolor sit amet, consectetur adipiscing elit, sed do eiusmod tempor incididunt ut labore et dolore magna aliqua. Ut enim ad minim veniam, quis nostrud exercitation ullamco laboris nisi ut aliquip ex ea commodo consequat. Duis aute irure dolor in reprehenderit in voluptate velit esse cillum dolore eu fugiat nulla pariatur. Excepteur sint occaecat cupidatat non proident, sunt in culpa qui officia deserunt mollit anim id est laborum.",,https://greatify.live/san-pham/samsung-s7/,"Công nghệ","Greatify",795VND,in stock,wc_post_id_521,https://greatify.live/gio-hang/?add-to-cart=521,"https://greatify.live/wp-content/uploads/2022/03/samsung-s7-2.jpg",1970-01-29T00:00+00:00/1970-01-30T23:59+00:00,795VND,new,published,,
wc_post_id_522,"Samsung Curved TV","Temporibus autem quibusdam et aut officiis debitis aut rerum necessitatibus saepe eveniet ut et voluptates repudiandae sint et molestiae non recusandae. Itaque earum rerum hic tenetur a sapiente delectus, ut aut reiciendis voluptatibus maiores alias consequatur aut perferendis doloribus asperiores repellat. Et harum quidem rerum facilis est et expedita distinctio. Nam libero tempore, cum soluta nobis est eligendi optio cumque nihil impedit quo minus id quod maxime placeat facere possimus, omnis voluptas assumenda est, omnis dolor repellendus.",https://greatify.live/wp-content/uploads/2022/03/samsung-curved-tv.jpg,https://greatify.live/san-pham/samsung-curved-tv/,"Công nghệ","Greatify",697VND,in stock,wc_post_id_522,https://greatify.live/gio-hang/?add-to-cart=522,"https://greatify.live/wp-content/uploads/2022/03/samsung-curved-tv-3.jpg,https://greatify.live/wp-content/uploads/2022/03/samsung-curved-tv2.jpg",1970-01-29T00:00+00:00/1970-01-30T23:59+00:00,697VND,new,published,,
wc_post_id_523,"Sony Xperia Smartwatch","Voluptatem sequi nesciunt. Neque porro quisquam est, qui dolorem ipsum quia dolor sit amet, consectetur, adipisci velit, sed quia non numquam eius modi tempora incidunt ut labore et dolore magnam aliquam quaerat voluptatem. Ut enim ad minima veniam, quis nostrum exercitationem ullam corporis suscipit laboriosam, nisi ut aliquid ex ea commodi consequatur? Quis autem vel eum iure reprehenderit qui in ea voluptate velit esse quam nihil molestiae consequatur, vel illum qui dolorem eum fugiat quo voluptas nulla pariatur.",https://greatify.live/wp-content/uploads/2022/03/sony-smartwatch.jpg,https://greatify.live/san-pham/sony-xperia-smartwatch/,"Công nghệ","Greatify",159VND,in stock,wc_post_id_523,https://greatify.live/gio-hang/?add-to-cart=523,"https://greatify.live/wp-content/uploads/2022/03/sony-smartwatch-3.jpg,https://greatify.live/wp-content/uploads/2022/03/sony-smartwatch-2.jpg",1970-01-29T00:00+00:00/1970-01-30T23:59+00:00,159VND,new,published,,
wc_post_id_524,"Stylish Brown Top","Nemo enim ipsam voluptatem quia voluptas sit aspernatur aut odit aut fugit, sed quia consequuntur magni dolores eos qui ratione voluptatem sequi nesciunt. Neque porro quisquam est, qui dolorem ipsum quia dolor sit amet, consectetur, adipisci velit, sed quia non numquam eius modi tempora incidunt ut labore et dolore magnam aliquam quaerat voluptatem. Ut enim ad minima veniam, quis nostrum exercitationem ullam corporis suscipit laboriosam, nisi ut aliquid ex ea commodi consequatur.",https://greatify.live/wp-content/uploads/2022/03/woman-with-brwon-shirt.jpg,https://greatify.live/san-pham/stylish-brown-top/,"Nữ","Greatify",18VND,in stock,wc_post_id_524,https://greatify.live/gio-hang/?add-to-cart=524,"https://greatify.live/wp-content/uploads/2022/03/woman-with-brwon-shirt-3.jpg,https://greatify.live/wp-content/uploads/2022/03/woman-with-brwon-shirt-2.jpg",1970-01-29T00:00+00:00/1970-01-30T23:59+00:00,18VND,new,published,,
